apelido,clube,posicao,preco,pontos,variacao,media,jogos
Igor Rabello,Atlético-MG,Zagueiro,3.69,-3.7,-5.31,-3.7,1
Pedro Henrique,Athlético-PR,Zagueiro,8.84,5.7,1.84,5.7,1
Gil,Corinthians,Zagueiro,5.78,-1.7,-4.22,-1.7,1
Laércio,Chapecoense,Zagueiro,4.59,1.6,-0.41,1.6,1
Luiz Otávio,Ceará,Zagueiro,7.0,0.0,0.0,0.0,0
Luccas Claro,Fluminense,Zagueiro,11.28,6.2,1.28,6.2,1
Léo Ortiz,Bragantino,Zagueiro,6.96,5.0,1.96,5.0,1
Víctor Cuesta,Internacional,Zagueiro,10.65,-0.7,-5.35,-0.7,1
Gustavo Gómez,Palmeiras,Zagueiro,12.67,1.2,-4.33,1.2,1
Luan Peres ,Santos,Zagueiro,6.47,1.3,-1.53,1.3,1
Pedro Geromel,Grêmio,Zagueiro,9.4,-1.5,-5.6,-1.5,1
Kannemann,Grêmio,Zagueiro,11.0,0.0,0.0,0.0,0
Lucas Halter,Athlético-PR,Zagueiro,4.0,0.0,0.0,0.0,0
Nathan Silva,Atlético-GO,Zagueiro,5.01,4.2,2.01,4.2,1
Oliveira,Atlético-GO,Zagueiro,4.0,0.0,0.0,0.0,0
Michel,Atlético-GO,Zagueiro,1.0,0.0,0.0,0.0,0
Eduardo Bauermann,América-MG,Zagueiro,2.23,-0.8,-1.77,-0.8,1
Júnior Alonso,Atlético-MG,Zagueiro,8.77,0.6,-3.23,0.6,1
Ricardo Silva,América-MG,Zagueiro,3.0,0.0,0.0,0.0,0
Gabriel,Atlético-MG,Zagueiro,6.0,0.0,0.0,0.0,0
Luiz Otávio ,Bahia,Zagueiro,5.0,0.0,0.0,0.0,0
Bueno,Atlético-MG,Zagueiro,3.0,0.0,0.0,0.0,0
Lucas Fonseca,Bahia,Zagueiro,6.0,0.0,0.0,0.0,0
Luan Patrick,Athlético-PR,Zagueiro,2.0,0.0,0.0,0.0,0
Réver,Atlético-MG,Zagueiro,8.0,0.0,0.0,0.0,0
Conti,Bahia,Zagueiro,7.45,4.7,1.45,4.7,1
Juninho,Bahia,Zagueiro,12.81,13.4,7.81,13.4,1
Éder ,Atlético-GO,Zagueiro,5.99,4.6,1.99,4.6,1
Miranda,São Paulo,Zagueiro,10.72,7.4,2.72,7.4,1
Arboleda,São Paulo,Zagueiro,9.0,0.0,0.0,0.0,0
Bruno Alves,São Paulo,Zagueiro,10.37,5.9,1.37,5.9,1
Walce,São Paulo,Zagueiro,3.0,0.0,0.0,0.0,0
Diego,São Paulo,Zagueiro,4.0,0.0,0.0,0.0,0
Ligger,Bragantino,Zagueiro,6.0,0.0,0.0,0.0,0
Fabrício Bruno,Bragantino,Zagueiro,12.32,13.7,8.32,13.7,1
Haydar,Bragantino,Zagueiro,2.0,0.0,0.0,0.0,0
Realpe,Bragantino,Zagueiro,3.0,0.0,0.0,0.0,0
Messias,Ceará,Zagueiro,2.16,-2.9,-3.84,-2.9,1
Rodrigo Moledo,Internacional,Zagueiro,7.0,0.0,0.0,0.0,0
Natan,Bragantino,Zagueiro,7.31,4.5,1.31,4.5,1
Pedro Henrique,Internacional,Zagueiro,3.0,0.0,0.0,0.0,0
Lucas Ribeiro,Internacional,Zagueiro,0.7,-4.3,-4.3,-4.3,1
Klaus,Ceará,Zagueiro,4.0,0.0,0.0,0.0,0
Anderson Conceição,Cuiabá,Zagueiro,2.78,-1.0,-2.22,-1.0,1
Zé Gabriel,Internacional,Zagueiro,4.0,0.0,0.0,0.0,0
Marllon,Cuiabá,Zagueiro,3.34,0.8,-0.66,0.8,1
Jordan,Ceará,Zagueiro,1.0,0.0,0.0,0.0,0
Alan,Ceará,Zagueiro,2.0,0.0,0.0,0.0,0
Gabriel Lacerda,Ceará,Zagueiro,3.34,2.8,1.34,2.8,1
Luan,Palmeiras,Zagueiro,4.11,0.9,-0.89,0.9,1
Joílson,Chapecoense,Zagueiro,3.0,0.0,0.0,0.0,0
Felipe Santana,Chapecoense,Zagueiro,4.0,0.0,0.0,0.0,0
Alan Empereur,Palmeiras,Zagueiro,5.64,3.1,0.64,3.1,1
Kadu,Chapecoense,Zagueiro,3.0,0.0,0.0,0.0,0
Kuscevic,Palmeiras,Zagueiro,5.0,0.0,0.0,0.0,0
Tiago Coser,Chapecoense,Zagueiro,1.0,0.0,0.0,0.0,0
Willian Arão,Flamengo,Zagueiro,11.07,6.9,2.07,6.9,1
Hiago,Chapecoense,Zagueiro,2.0,0.0,0.0,0.0,0
João Cesco,Chapecoense,Zagueiro,1.0,0.0,0.0,0.0,0
Léo Pereira,Flamengo,Zagueiro,4.0,0.0,0.0,0.0,0
Derlan,Chapecoense,Zagueiro,1.11,-0.4,-0.89,-0.4,1
Gustavo Henrique,Flamengo,Zagueiro,5.0,0.0,0.0,0.0,0
Zé Ivaldo,Athlético-PR,Zagueiro,3.0,0.0,0.0,0.0,0
Bruno Viana,Flamengo,Zagueiro,5.0,0.0,0.0,0.0,0
Aguilar,Athlético-PR,Zagueiro,4.0,0.0,0.0,0.0,0
Gabriel Noga,Flamengo,Zagueiro,2.0,0.0,0.0,0.0,0
Bruno Méndez,Corinthians,Zagueiro,5.0,0.0,0.0,0.0,0
Jemerson,Corinthians,Zagueiro,7.0,0.0,0.0,0.0,0
Danilo Avelar,Corinthians,Zagueiro,5.0,0.0,0.0,0.0,0
Manoel,Fluminense,Zagueiro,6.0,0.0,0.0,0.0,0
Matheus Ferraz,Fluminense,Zagueiro,5.0,0.0,0.0,0.0,0
David Braz,Fluminense,Zagueiro,5.0,0.0,0.0,0.0,0
Nino,Fluminense,Zagueiro,10.93,7.7,2.93,7.7,1
Rafael Ribeiro,Fluminense,Zagueiro,2.0,0.0,0.0,0.0,0
Paulão,Cuiabá,Zagueiro,7.0,0.0,0.0,0.0,0
Rodrigo Caio,Flamengo,Zagueiro,10.79,4.5,-0.21,4.5,1
Wálber,Cuiabá,Zagueiro,2.0,0.0,0.0,0.0,0
Luís Otávio,Cuiabá,Zagueiro,2.0,0.0,0.0,0.0,0
Raul Gustavo,Corinthians,Zagueiro,3.06,1.4,0.06,1.4,1
Kaiky,Santos,Zagueiro,3.76,1.4,-0.24,1.4,1
Wanderson,Fortaleza,Zagueiro,3.0,0.0,0.0,0.0,0
João Victor,Corinthians,Zagueiro,5.0,0.0,0.0,0.0,0
Renan,Palmeiras,Zagueiro,4.0,0.0,0.0,0.0,0
Paulo Miranda,Grêmio,Zagueiro,4.0,0.0,0.0,0.0,0
Jackson,Fortaleza,Zagueiro,4.0,0.0,0.0,0.0,0
Quintero,Fortaleza,Zagueiro,5.0,0.0,0.0,0.0,0
Anderson Jesus,América-MG,Zagueiro,2.09,0.0,-0.91,0.0,1
Rafael Forster,Juventude,Zagueiro,2.85,0.1,-1.15,0.1,1
Cleberson,Juventude,Zagueiro,4.0,0.0,0.0,0.0,0
Luan,Fluminense,Zagueiro,1.0,0.0,0.0,0.0,0
Vitor Mendes,Juventude,Zagueiro,0.97,0.4,-0.03,0.4,1
Rodrigues,Grêmio,Zagueiro,4.0,0.0,0.0,0.0,0
Ruan,Grêmio,Zagueiro,1.95,-0.2,-1.05,-0.2,1
Kelvin,Juventude,Zagueiro,2.0,0.0,0.0,0.0,0
Luiz Felipe,Santos,Zagueiro,4.0,0.0,0.0,0.0,0
Thiago Heleno,Athlético-PR,Zagueiro,9.54,4.7,0.54,4.7,1
Iago Maidana,Sport,Zagueiro,7.0,0.0,0.0,0.0,0
Rafael Thyere,Sport,Zagueiro,3.2,0.6,-0.8,0.6,1
Titi,Fortaleza,Zagueiro,4.32,2.2,0.32,2.2,1
Felipe Siedekum,América-MG,Zagueiro,1.0,0.0,0.0,0.0,0
Júlio,América-MG,Zagueiro,1.0,0.0,0.0,0.0,0
Chico,Sport,Zagueiro,2.0,0.0,0.0,0.0,0
Adryelson,Sport,Zagueiro,6.0,0.0,0.0,0.0,0
Joaquim,Cuiabá,Zagueiro,2.0,0.0,0.0,0.0,0
Sabino,Sport,Zagueiro,4.8,0.9,-1.2,0.9,1
Léo Santos,Corinthians,Zagueiro,2.0,0.0,0.0,0.0,0
Michel,Palmeiras,Zagueiro,1.0,0.0,0.0,0.0,0
Vitor Hugo,Cuiabá,Zagueiro,1.0,0.0,0.0,0.0,0
Henri,Palmeiras,Zagueiro,1.0,0.0,0.0,0.0,0
Everton Sena,Cuiabá,Zagueiro,3.0,0.0,0.0,0.0,0
Gustavo Henrique,Bahia,Zagueiro,2.0,0.0,0.0,0.0,0
Ignácio,Chapecoense,Zagueiro,2.0,0.0,0.0,0.0,0
Alex,Santos,Zagueiro,3.0,0.0,0.0,0.0,0
Micael,Atlético-MG,Zagueiro,2.0,0.0,0.0,0.0,0
Zé Vitor,América-MG,Zagueiro,1.0,0.0,0.0,0.0,0
Rodolfo Moisés,América-MG,Zagueiro,1.0,0.0,0.0,0.0,0
Otávio,Flamengo,Zagueiro,2.0,0.0,0.0,0.0,0
Wellington,Santos,Zagueiro,2.0,0.0,0.0,0.0,0
Derick ,Santos,Zagueiro,2.0,0.0,0.0,0.0,0
Tiago Barbosa,Internacional,Zagueiro,1.0,0.0,0.0,0.0,0
Emanuel,Grêmio,Zagueiro,2.0,0.0,0.0,0.0,0
Luiz Gustavo,Cuiabá,Zagueiro,4.0,0.0,0.0,0.0,0
Heitor,Grêmio,Zagueiro,1.0,0.0,0.0,0.0,0
Pedro Victor,Sport,Zagueiro,1.0,0.0,0.0,0.0,0
Rodrigo Freitas,São Paulo,Zagueiro,3.0,0.0,0.0,0.0,0
Marcelo Benevenuto,Fortaleza,Zagueiro,5.01,1.2,-0.99,1.2,1
